﻿<?xml version="1.0" encoding="UTF-8" standalone="yes"?>
<addon id="plugin.video.hellenic.movies" name="Hellenic Movies" version="2.5.0" provider-name="lambda">
	<requires>
		<import addon="xbmc.python" version="2.1.0"/>
		<import addon="script.module.urlresolver" version="1.0.0"/>
		<import addon="script.module.simplejson" version="2.0.10"/>
		<import addon="script.common.plugin.cache" version="0.9.1"/>
		<import addon="script.module.parsedom" version="0.9.1"/>
		<import addon="plugin.video.youtube" version="2.9.2"/>
	</requires>
	<extension point="xbmc.python.pluginsource" library="default.py">
		<provides>video</provides>
	</extension>
	<extension point="xbmc.addon.metadata">
		<summary lang="en">Watch your favourite greek movies anytime you want</summary>
		<description lang="en">Watch your favourite greek movies anytime you want.[CR]The addon includes an archive of recent and classic greek movies.</description>
		<summary lang="el">Παρακολουθήστε όλες τις αγαπημένες σας ελληνικές ταινίες ότι ώρα θέλετε</summary>
		<description lang="el">Παρακολουθήστε όλες τις αγαπημένες σας ελληνικές ταινίες ότι ώρα θέλετε.[CR]Το πρόσθετο περιλαμβάνει αρχείο πρόσφατων και κλασικών ελληνικών ταινιών.</description>
		<disclaimer lang="en">Τhis addon offers content available in Greece.</disclaimer>
		<forum>http://forums.tvaddons.ag/forums/148-lambda-s-xbmc-addons</forum>
		<source>https://offshoregit.com/lambda81/lambda-addons</source>
		<website>https://offshoregit.com/lambda81/</website>
		<platform>all</platform>
	</extension>
</addon>