﻿<?xml version="1.0" encoding="UTF-8" standalone="yes"?>
<addon id="plugin.video.hellenic.player" name="Hellenic Player" version="2.0.3" provider-name="lambda">
	<requires>
		<import addon="xbmc.python" version="2.1.0"/>
		<import addon="plugin.video.hellenic.tv" version="2.4.0"/>
		<import addon="script.module.simplejson" version="2.0.10"/>
		<import addon="script.common.plugin.cache" version="0.9.1"/>
		<import addon="script.module.parsedom" version="0.9.1"/>
		<import addon="plugin.video.youtube" optional="true"/>
	</requires>
	<extension point="xbmc.python.pluginsource" library="default.py">
		<provides>video</provides>
	</extension>
	<extension point="xbmc.addon.metadata">
		<summary lang="en">Watch the latest shows and news from all Greek networks</summary>
		<summary lang="el">Δείτε πρόσφατα τηλεοπτικά προγράμματα και ειδήσεις από όλα τα ελληνικά δίκτυα</summary>
		<description lang="en">Watch the latest shows and news from all Greek networks.[CR]The addon also includes an archive of shows that have been produced during the years.</description>
		<description lang="el">Δείτε πρόσφατα τηλεοπτικά προγράμματα και ειδήσεις από όλα τα ελληνικά δίκτυα.[CR]Το πρόσθετο επίσης περιλαμβάνει αρχείο προγράμματων που έχουν παραχθεί κατά τη διάρκεια των ετών.</description>
		<disclaimer lang="en">Τhis addon offers content available in Greece.</disclaimer>
		<disclaimer lang="el">Το πρόσθετο αυτό προσφέρει περιεχόμενο διαθέσιμο στην Ελλάδα.</disclaimer>
		<forum>http://forums.tvaddons.ag/forums/148-lambda-s-xbmc-addons</forum>
		<source>https://offshoregit.com/lambda81/lambda-addons</source>
		<website>https://offshoregit.com/lambda81/</website>
		<platform>all</platform>
	</extension>
</addon>